Date,target_price,lower_barrier_price,upper_barrier_price,label
2020-01-02,75.0875015258789,67.57875137329101,82.5962516784668,0
2020-01-03,74.35749816894531,66.92174835205078,81.79324798583986,0
2020-01-06,74.94999694824219,67.45499725341797,82.44499664306642,0
2020-01-07,74.59750366210938,67.13775329589843,82.05725402832032,0
2020-01-08,75.79750061035156,68.2177505493164,83.37725067138672,0
2020-01-09,77.40750122070312,69.66675109863282,85.14825134277345,0
2020-01-10,77.5824966430664,69.82424697875977,85.34074630737305,0
2020-01-13,79.23999786376953,71.31599807739258,87.16399765014648,0
2020-01-14,78.16999816894531,70.35299835205079,85.98699798583985,0
2020-01-15,77.83499908447266,70.05149917602539,85.61849899291992,0
2020-01-16,78.80999755859375,70.92899780273437,86.69099731445313,0
2020-01-17,79.68250274658203,71.71425247192383,87.65075302124023,0
2020-01-21,79.14250183105469,71.22825164794922,87.05675201416017,0
2020-01-22,79.42500305175781,71.48250274658203,87.3675033569336,0
2020-01-23,79.80750274658203,71.82675247192383,87.78825302124024,0
2020-01-24,79.57749938964844,71.6197494506836,87.53524932861329,0
2020-01-27,77.23750305175781,69.51375274658203,84.9612533569336,0
2020-01-28,79.42250061035156,71.48025054931641,87.36475067138673,0
2020-01-29,81.08499908447266,72.9764991760254,89.19349899291993,-1
2020-01-30,80.96749877929688,72.8707489013672,89.06424865722657,-1
2020-01-31,77.37750244140625,69.63975219726562,85.11525268554688,-1
2020-02-03,77.16500091552734,69.44850082397461,84.88150100708009,-1
2020-02-04,79.7125015258789,71.74125137329102,87.6837516784668,-1
2020-02-05,80.36250305175781,72.32625274658203,88.3987533569336,-1
2020-02-06,81.30249786376953,73.17224807739258,89.4327476501465,-1
2020-02-07,80.00749969482422,72.0067497253418,88.00824966430665,-1
2020-02-10,80.38749694824219,72.34874725341797,88.42624664306642,-1
2020-02-11,79.90249633789062,71.91224670410156,87.89274597167969,-1
2020-02-12,81.80000305175781,73.62000274658203,89.98000335693361,-1
2020-02-13,81.21749877929688,73.09574890136719,89.33924865722658,-1
2020-02-14,81.23750305175781,73.11375274658204,89.3612533569336,-1
2020-02-18,79.75,71.775,87.72500000000001,-1
2020-02-19,80.90499877929688,72.81449890136719,88.99549865722658,-1
2020-02-20,80.07499694824219,72.06749725341797,88.08249664306642,-1
2020-02-21,78.26249694824219,70.43624725341797,86.08874664306641,-1
2020-02-24,74.54499816894531,67.09049835205079,81.99949798583985,-1
2020-02-25,72.0199966430664,64.81799697875977,79.22199630737305,-1
2020-02-26,73.1624984741211,65.84624862670898,80.4787483215332,-1
2020-02-27,68.37999725341797,61.54199752807617,75.21799697875977,1
2020-02-28,68.33999633789062,61.50599670410156,75.17399597167969,1
2020-03-02,74.70249938964844,67.2322494506836,82.17274932861329,-1
2020-03-03,72.33000183105469,65.09700164794923,79.56300201416016,-1
2020-03-04,75.68499755859375,68.11649780273437,83.25349731445313,-1
2020-03-05,73.2300033569336,65.90700302124024,80.55300369262696,-1
2020-03-06,72.25749969482422,65.0317497253418,79.48324966430664,-1
2020-03-09,66.5425033569336,59.88825302124024,73.19675369262696,-1
2020-03-10,71.33499908447266,64.2014991760254,78.46849899291993,-1
2020-03-11,68.85749816894531,61.97174835205078,75.74324798583984,-1
2020-03-12,62.057498931884766,55.85174903869629,68.26324882507325,1
2020-03-13,69.49250030517578,62.543250274658206,76.44175033569337,-1
2020-03-16,60.5525016784668,54.49725151062012,66.60775184631348,1
2020-03-17,63.21500015258789,56.893500137329106,69.53650016784668,-1
2020-03-18,61.66749954223633,55.500749588012695,67.83424949645996,1
2020-03-19,61.19499969482422,55.0754997253418,67.31449966430665,1
2020-03-20,57.310001373291016,51.57900123596192,63.04100151062012,1
2020-03-23,56.092498779296875,50.48324890136719,61.70174865722657,1
2020-03-24,61.720001220703125,55.54800109863282,67.89200134277344,1
2020-03-25,61.380001068115234,55.24200096130371,67.51800117492677,1
2020-03-26,64.61000061035156,58.149000549316405,71.07100067138673,1
2020-03-27,61.935001373291016,55.74150123596191,68.12850151062013,1
2020-03-30,63.70249938964844,57.3322494506836,70.07274932861328,1
2020-03-31,63.5724983215332,57.21524848937988,69.92974815368653,1
2020-04-01,60.227500915527344,54.204750823974614,66.25025100708008,1
2020-04-02,61.23249816894531,55.109248352050784,67.35574798583986,1
2020-04-03,60.352500915527344,54.31725082397461,66.38775100708008,1
2020-04-06,65.61750030517578,59.0557502746582,72.17925033569337,1
2020-04-07,64.85749816894531,58.37174835205078,71.34324798583985,1
2020-04-08,66.51750183105469,59.86575164794922,73.16925201416016,1
2020-04-09,66.99749755859375,60.29774780273438,73.69724731445314,1
2020-04-13,68.3125,61.48125,75.14375000000001,1
2020-04-14,71.76249694824219,64.58624725341797,78.93874664306641,0
2020-04-15,71.10749816894531,63.99674835205078,78.21824798583985,1
2020-04-16,71.67250061035156,64.50525054931641,78.83975067138672,0
2020-04-17,70.69999694824219,63.62999725341797,77.7699966430664,1
2020-04-20,69.23249816894531,62.30924835205078,76.15574798583985,1
2020-04-21,67.09249877929688,60.38324890136719,73.80174865722657,1
2020-04-22,69.0250015258789,62.122501373291016,75.9275016784668,1
2020-04-23,68.75749969482422,61.8817497253418,75.63324966430665,1
2020-04-24,70.74250030517578,63.668250274658206,77.81675033569337,1
2020-04-27,70.7925033569336,63.713253021240234,77.87175369262695,1
2020-04-28,69.6449966430664,62.68049697875977,76.60949630737305,1
2020-04-29,71.93250274658203,64.73925247192383,79.12575302124024,1
2020-04-30,73.44999694824219,66.10499725341798,80.79499664306641,0
2020-05-01,72.26750183105469,65.04075164794922,79.49425201416017,1
2020-05-04,73.29000091552734,65.96100082397462,80.61900100708009,1
2020-05-05,74.38999938964844,66.9509994506836,81.82899932861329,0
2020-05-06,75.15750122070312,67.64175109863281,82.67325134277344,0
2020-05-07,75.93499755859375,68.34149780273438,83.52849731445313,0
2020-05-08,77.53250122070312,69.77925109863281,85.28575134277344,0
2020-05-11,78.75250244140625,70.87725219726563,86.62775268554688,0
2020-05-12,77.85250091552734,70.06725082397462,85.63775100708008,1
2020-05-13,76.9124984741211,69.22124862670898,84.6037483215332,1
2020-05-14,77.38500213623047,69.64650192260743,85.12350234985352,1
2020-05-15,76.92749786376953,69.23474807739258,84.6202476501465,1
2020-05-18,78.73999786376953,70.86599807739258,86.61399765014649,1
2020-05-19,78.28500366210938,70.45650329589844,86.11350402832032,1
2020-05-20,79.80750274658203,71.82675247192383,87.78825302124024,1
2020-05-21,79.2125015258789,71.29125137329102,87.13375167846681,1
2020-05-22,79.72250366210938,71.75025329589845,87.69475402832032,1
2020-05-26,79.18250274658203,71.26425247192383,87.10075302124024,1
2020-05-27,79.52749633789062,71.57474670410157,87.4802459716797,1
2020-05-28,79.5625,71.60625,87.51875000000001,1
2020-05-29,79.48500061035156,71.53650054931641,87.43350067138672,1
2020-06-01,80.4625015258789,72.41625137329102,88.50875167846681,1
2020-06-02,80.83499908447266,72.75149917602539,88.91849899291994,1
2020-06-03,81.27999877929688,73.1519989013672,89.40799865722657,1
2020-06-04,80.58000183105469,72.52200164794922,88.63800201416016,1
2020-06-05,82.875,74.5875,91.16250000000001,1
2020-06-08,83.36499786376953,75.02849807739258,91.7014976501465,1
2020-06-09,85.99749755859375,77.39774780273437,94.59724731445313,1
2020-06-10,88.20999908447266,79.3889991760254,97.03099899291993,0
2020-06-11,83.9749984741211,75.57749862670899,92.37249832153321,1
2020-06-12,84.69999694824219,76.22999725341798,93.16999664306641,1
2020-06-15,85.74749755859375,77.17274780273438,94.32224731445314,1
2020-06-16,88.0199966430664,79.21799697875977,96.82199630737306,1
2020-06-17,87.89749908447266,79.1077491760254,96.68724899291993,1
2020-06-18,87.93250274658203,79.13925247192383,96.72575302124024,1
2020-06-19,87.43000030517578,78.6870002746582,96.17300033569337,1
2020-06-22,89.71749877929688,80.7457489013672,98.68924865722657,0
2020-06-23,91.63249969482422,82.4692497253418,100.79574966430665,0
2020-06-24,90.01499938964844,81.0134994506836,99.01649932861329,0
2020-06-25,91.20999908447266,82.0889991760254,100.33099899291993,0
2020-06-26,88.40750122070312,79.56675109863282,97.24825134277344,1
2020-06-29,90.44499969482422,81.4004997253418,99.48949966430665,0
2020-06-30,91.19999694824219,82.07999725341797,100.31999664306642,0
2020-07-01,91.02749633789062,81.92474670410157,100.1302459716797,0
2020-07-02,91.02749633789062,81.92474670410157,100.1302459716797,1
2020-07-06,93.4625015258789,84.11625137329102,102.8087516784668,1
2020-07-07,93.17250061035156,83.85525054931641,102.48975067138673,1
2020-07-08,95.34249877929688,85.8082489013672,104.87674865722657,1
2020-07-09,95.75250244140625,86.17725219726563,105.32775268554688,1
2020-07-10,95.91999816894531,86.32799835205078,105.51199798583986,1
2020-07-13,95.47750091552734,85.92975082397462,105.02525100708009,1
2020-07-14,97.05750274658203,87.35175247192383,106.76325302124025,1
2020-07-15,97.7249984741211,87.95249862670899,107.49749832153321,1
2020-07-16,96.52249908447266,86.8702491760254,106.17474899291993,1
2020-07-17,96.32749938964844,86.6947494506836,105.96024932861329,1
2020-07-20,98.35749816894531,88.52174835205078,108.19324798583985,1
2020-07-21,97.0,87.3,106.7,1
2020-07-22,97.27249908447266,87.5452491760254,106.99974899291993,1
2020-07-23,92.84500122070312,83.56050109863281,102.12950134277345,1
2020-07-24,92.61499786376953,83.35349807739259,101.87649765014649,1
2020-07-27,94.80999755859375,85.32899780273438,104.29099731445314,1
2020-07-28,93.25250244140625,83.92725219726563,102.57775268554688,1
2020-07-29,95.04000091552734,85.53600082397462,104.54400100708008,1
2020-07-30,96.19000244140625,86.57100219726563,105.80900268554689,1
2020-07-31,106.26000213623047,95.63400192260742,116.88600234985353,1
2020-08-03,108.9375,98.04375,119.83125000000001,1
2020-08-04,109.66500091552734,98.69850082397461,120.63150100708009,1
2020-08-05,110.0625,99.05625,121.06875000000001,1
2020-08-06,113.90249633789062,102.51224670410157,125.2927459716797,1
2020-08-07,111.11250305175781,100.00125274658204,122.2237533569336,1
2020-08-10,112.72750091552734,101.4547508239746,124.0002510070801,1
2020-08-11,109.375,98.4375,120.31250000000001,1
2020-08-12,113.01000213623047,101.70900192260743,124.31100234985352,1
2020-08-13,115.01000213623047,103.50900192260742,126.51100234985353,1
2020-08-14,114.90750122070312,103.41675109863282,126.39825134277345,1
2020-08-17,114.60749816894531,103.14674835205078,126.06824798583986,1
2020-08-18,115.5625,104.00625000000001,127.11875,1
2020-08-19,115.7074966430664,104.13674697875977,127.27824630737305,1
2020-08-20,118.2750015258789,106.44750137329102,130.1025016784668,1
2020-08-21,124.37000274658203,111.93300247192383,136.80700302124023,-1
2020-08-24,125.85749816894531,113.27174835205078,138.44324798583986,-1
2020-08-25,124.82499694824219,112.34249725341797,137.30749664306643,-1
2020-08-26,126.52249908447266,113.8702491760254,139.17474899291994,-1
2020-08-27,125.01000213623047,112.50900192260742,137.51100234985353,-1
2020-08-28,124.80750274658203,112.32675247192383,137.28825302124025,-1
2020-08-31,129.0399932861328,116.13599395751953,141.9439926147461,-1
2020-09-01,134.17999267578125,120.76199340820312,147.59799194335938,-1
2020-09-02,131.39999389648438,118.25999450683594,144.5399932861328,-1
2020-09-03,120.87999725341797,108.79199752807618,132.96799697875977,-1
2020-09-04,120.95999908447266,108.86399917602539,133.05599899291994,-1
2020-09-08,112.81999969482422,101.5379997253418,124.10199966430665,0
2020-09-09,117.31999969482422,105.5879997253418,129.05199966430666,0
2020-09-10,113.48999786376953,102.14099807739258,124.8389976501465,0
2020-09-11,112.0,100.8,123.20000000000002,0
2020-09-14,115.36000061035156,103.82400054931641,126.89600067138673,0
2020-09-15,115.54000091552734,103.9860008239746,127.0940010070801,0
2020-09-16,112.12999725341797,100.91699752807618,123.34299697875977,1
2020-09-17,110.33999633789062,99.30599670410156,121.37399597167969,1
2020-09-18,106.83999633789062,96.15599670410157,117.5239959716797,1
2020-09-21,110.08000183105469,99.07200164794922,121.08800201416017,1
2020-09-22,111.80999755859375,100.62899780273438,122.99099731445314,1
2020-09-23,107.12000274658203,96.40800247192384,117.83200302124024,1
2020-09-24,108.22000122070312,97.39800109863282,119.04200134277345,1
2020-09-25,112.27999877929688,101.05199890136718,123.50799865722658,1
2020-09-28,114.95999908447266,103.4639991760254,126.45599899291993,0
2020-09-29,114.08999633789062,102.68099670410156,125.4989959716797,0
2020-09-30,115.80999755859375,104.22899780273438,127.39099731445313,0
2020-10-01,116.79000091552734,105.1110008239746,128.4690010070801,0
2020-10-02,113.0199966430664,101.71799697875977,124.32199630737306,1
2020-10-05,116.5,104.85000000000001,128.15,0
2020-10-06,113.16000366210938,101.84400329589845,124.47600402832032,0
2020-10-07,115.08000183105469,103.57200164794922,126.58800201416017,0
2020-10-08,114.97000122070312,103.47300109863282,126.46700134277344,0
2020-10-09,116.97000122070312,105.27300109863282,128.66700134277346,0
2020-10-12,124.4000015258789,111.96000137329102,136.84000167846682,-1
2020-10-13,121.0999984741211,108.98999862670898,133.20999832153322,-1
2020-10-14,121.19000244140625,109.07100219726563,133.3090026855469,-1
2020-10-15,120.70999908447266,108.6389991760254,132.78099899291993,0
2020-10-16,119.0199966430664,107.11799697875976,130.92199630737306,0
2020-10-19,115.9800033569336,104.38200302124024,127.57800369262696,0
2020-10-20,117.51000213623047,105.75900192260742,129.26100234985353,0
2020-10-21,116.87000274658203,105.18300247192383,128.55700302124023,0
2020-10-22,115.75,104.175,127.32500000000002,0
2020-10-23,115.04000091552734,103.53600082397462,126.54400100708008,0
2020-10-26,115.05000305175781,103.54500274658203,126.55500335693361,0
2020-10-27,116.5999984741211,104.93999862670898,128.2599983215332,0
2020-10-28,111.19999694824219,100.07999725341797,122.31999664306642,0
2020-10-29,115.31999969482422,103.7879997253418,126.85199966430665,0
2020-10-30,108.86000061035156,97.97400054931641,119.74600067138672,1
2020-11-02,108.7699966430664,97.89299697875977,119.64699630737306,1
2020-11-03,110.44000244140625,99.39600219726563,121.48400268554688,1
2020-11-04,114.94999694824219,103.45499725341797,126.44499664306642,0
2020-11-05,119.02999877929688,107.12699890136719,130.93299865722656,0
2020-11-06,118.69000244140625,106.82100219726563,130.5590026855469,0
2020-11-09,116.31999969482422,104.6879997253418,127.95199966430665,0
2020-11-10,115.97000122070312,104.37300109863281,127.56700134277345,0
2020-11-11,119.48999786376953,107.54099807739259,131.4389976501465,0
2020-11-12,119.20999908447266,107.2889991760254,131.13099899291993,0
2020-11-13,119.26000213623047,107.33400192260743,131.18600234985354,0
2020-11-16,120.30000305175781,108.27000274658204,132.33000335693362,0
2020-11-17,119.38999938964844,107.4509994506836,131.3289993286133,0
2020-11-18,118.02999877929688,106.2269989013672,129.83299865722657,0
2020-11-19,118.63999938964844,106.7759994506836,130.5039993286133,0
2020-11-20,117.33999633789062,105.60599670410157,129.0739959716797,0
2020-11-23,113.8499984741211,102.46499862670899,125.23499832153321,1
2020-11-24,115.16999816894531,103.65299835205079,126.68699798583985,1
2020-11-25,116.02999877929688,104.42699890136718,127.63299865722658,1
2020-11-27,116.58999633789062,104.93099670410156,128.2489959716797,1
2020-11-30,119.05000305175781,107.14500274658204,130.95500335693362,1
2020-12-01,122.72000122070312,110.44800109863282,134.99200134277345,1
2020-12-02,123.08000183105469,110.77200164794922,135.38800201416018,1
2020-12-03,122.94000244140625,110.64600219726563,135.2340026855469,1
2020-12-04,122.25,110.025,134.47500000000002,1
2020-12-07,123.75,111.375,136.125,1
2020-12-08,124.37999725341797,111.94199752807617,136.81799697875977,0
2020-12-09,121.77999877929688,109.6019989013672,133.95799865722657,1
2020-12-10,123.23999786376953,110.91599807739259,135.5639976501465,1
2020-12-11,122.41000366210938,110.16900329589843,134.65100402832033,1
2020-12-14,121.77999877929688,109.6019989013672,133.95799865722657,1
2020-12-15,127.87999725341797,115.09199752807618,140.6679969787598,0
2020-12-16,127.80999755859375,115.02899780273438,140.59099731445315,0
2020-12-17,128.6999969482422,115.82999725341797,141.56999664306642,0
2020-12-18,126.66000366210938,113.99400329589844,139.3260040283203,0
2020-12-21,128.22999572753906,115.40699615478516,141.052995300293,0
2020-12-22,131.8800048828125,118.69200439453125,145.06800537109376,0
2020-12-23,130.9600067138672,117.86400604248047,144.0560073852539,0
2020-12-24,131.97000122070312,118.77300109863282,145.16700134277346,0
2020-12-28,136.69000244140625,123.02100219726563,150.3590026855469,0
2020-12-29,134.8699951171875,121.38299560546875,148.35699462890625,0
2020-12-30,133.72000122070312,120.34800109863282,147.09200134277344,0
2020-12-31,132.69000244140625,119.42100219726562,145.9590026855469,0
2021-01-04,129.41000366210938,116.46900329589845,142.35100402832032,1
2021-01-05,131.00999450683594,117.90899505615235,144.11099395751955,0
2021-01-06,126.5999984741211,113.93999862670898,139.2599983215332,1
2021-01-07,130.9199981689453,117.82799835205078,144.01199798583986,0
2021-01-08,132.0500030517578,118.84500274658204,145.2550033569336,0
2021-01-11,128.97999572753906,116.08199615478516,141.87799530029298,1
2021-01-12,128.8000030517578,115.92000274658203,141.6800033569336,1
2021-01-13,130.88999938964844,117.80099945068359,143.9789993286133,0
2021-01-14,128.91000366210938,116.01900329589844,141.80100402832034,1
2021-01-15,127.13999938964844,114.42599945068359,139.8539993286133,1
2021-01-19,127.83000183105469,115.04700164794922,140.61300201416017,1
2021-01-20,132.02999877929688,118.82699890136719,145.23299865722657,0
2021-01-21,136.8699951171875,123.18299560546875,150.55699462890627,0
2021-01-22,139.07000732421875,125.16300659179687,152.97700805664064,0
2021-01-25,142.9199981689453,128.62799835205078,157.21199798583984,-1
2021-01-26,143.16000366210938,128.84400329589843,157.47600402832032,-1
2021-01-27,142.05999755859375,127.85399780273438,156.26599731445313,-1
2021-01-28,137.08999633789062,123.38099670410156,150.7989959716797,-1
2021-01-29,131.9600067138672,118.76400604248047,145.15600738525393,0
2021-02-01,134.13999938964844,120.7259994506836,147.5539993286133,0
2021-02-02,134.99000549316406,121.49100494384766,148.48900604248047,-1
2021-02-03,133.94000244140625,120.54600219726562,147.3340026855469,-1
2021-02-04,137.38999938964844,123.6509994506836,151.1289993286133,-1
2021-02-05,136.75999450683594,123.08399505615235,150.43599395751954,-1
2021-02-08,136.91000366210938,123.21900329589845,150.60100402832032,-1
2021-02-09,136.00999450683594,122.40899505615235,149.61099395751955,-1
2021-02-10,135.38999938964844,121.8509994506836,148.9289993286133,-1
2021-02-11,135.1300048828125,121.61700439453125,148.64300537109375,-1
2021-02-12,135.3699951171875,121.83299560546875,148.90699462890626,-1
2021-02-16,133.19000244140625,119.87100219726562,146.50900268554688,-1
2021-02-17,130.83999633789062,117.75599670410156,143.9239959716797,-1
2021-02-18,129.7100067138672,116.73900604248047,142.6810073852539,-1
2021-02-19,129.8699951171875,116.88299560546875,142.85699462890625,-1
2021-02-22,126.0,113.4,138.60000000000002,0
2021-02-23,125.86000061035156,113.27400054931641,138.44600067138674,0
2021-02-24,125.3499984741211,112.81499862670898,137.8849983215332,0
2021-02-25,120.98999786376953,108.89099807739258,133.0889976501465,0
2021-02-26,121.26000213623047,109.13400192260742,133.38600234985353,0
2021-03-01,127.79000091552734,115.01100082397461,140.5690010070801,0
2021-03-02,125.12000274658203,112.60800247192383,137.63200302124025,0
2021-03-03,122.05999755859375,109.85399780273438,134.26599731445313,0
2021-03-04,120.12999725341797,108.11699752807617,132.14299697875978,0
2021-03-05,121.41999816894531,109.27799835205079,133.56199798583987,0
2021-03-08,116.36000061035156,104.72400054931641,127.99600067138672,0
2021-03-09,121.08999633789062,108.98099670410157,133.1989959716797,0
2021-03-10,119.9800033569336,107.98200302124023,131.97800369262697,0
2021-03-11,121.95999908447266,109.7639991760254,134.15599899291993,0
2021-03-12,121.02999877929688,108.92699890136718,133.13299865722658,0
2021-03-15,123.98999786376953,111.59099807739258,136.3889976501465,0
2021-03-16,125.56999969482422,113.0129997253418,138.12699966430665,0
2021-03-17,124.76000213623047,112.28400192260743,137.23600234985352,0
2021-03-18,120.52999877929688,108.4769989013672,132.58299865722657,1
2021-03-19,119.98999786376953,107.99099807739258,131.9889976501465,1
2021-03-22,123.38999938964844,111.05099945068359,135.7289993286133,0
2021-03-23,122.54000091552734,110.28600082397462,134.79400100708008,1
2021-03-24,120.08999633789062,108.08099670410157,132.0989959716797,1
2021-03-25,120.58999633789062,108.53099670410157,132.6489959716797,1
2021-03-26,121.20999908447266,109.0889991760254,133.33099899291994,1
2021-03-29,121.38999938964844,109.2509994506836,133.52899932861328,1
2021-03-30,119.9000015258789,107.91000137329102,131.8900016784668,1
2021-03-31,122.1500015258789,109.93500137329102,134.3650016784668,1
2021-04-01,123.0,110.7,135.3,0
2021-04-05,125.9000015258789,113.31000137329102,138.4900016784668,0
2021-04-06,126.20999908447266,113.5889991760254,138.83099899291994,0
2021-04-07,127.9000015258789,115.11000137329101,140.6900016784668,0
2021-04-08,130.36000061035156,117.32400054931641,143.39600067138673,0
2021-04-09,133.0,119.7,146.3,0
2021-04-12,131.24000549316406,118.11600494384766,144.36400604248047,0
2021-04-13,134.42999267578125,120.98699340820313,147.87299194335938,0
2021-04-14,132.02999877929688,118.82699890136719,145.23299865722657,0
2021-04-15,134.5,121.05,147.95000000000002,0
2021-04-16,134.16000366210938,120.74400329589844,147.5760040283203,0
2021-04-19,134.83999633789062,121.35599670410157,148.3239959716797,0
2021-04-20,133.11000061035156,119.7990005493164,146.42100067138674,0
2021-04-21,133.5,120.15,146.85000000000002,0
2021-04-22,131.94000244140625,118.74600219726562,145.13400268554688,0
2021-04-23,134.32000732421875,120.88800659179688,147.75200805664065,0
2021-04-26,134.72000122070312,121.24800109863281,148.19200134277344,0
2021-04-27,134.38999938964844,120.9509994506836,147.8289993286133,0
2021-04-28,133.5800018310547,120.22200164794923,146.93800201416016,0
2021-04-29,133.47999572753906,120.13199615478516,146.82799530029297,0
2021-04-30,131.4600067138672,118.31400604248047,144.60600738525392,0
2021-05-03,132.5399932861328,119.28599395751954,145.79399261474612,0
2021-05-04,127.8499984741211,115.06499862670898,140.6349983215332,0
2021-05-05,128.10000610351562,115.29000549316406,140.9100067138672,0
2021-05-06,129.74000549316406,116.76600494384766,142.7140060424805,0
2021-05-07,130.2100067138672,117.18900604248047,143.23100738525392,0
2021-05-10,126.8499984741211,114.164998626709,139.5349983215332,0
2021-05-11,125.91000366210938,113.31900329589844,138.50100402832032,0
2021-05-12,122.7699966430664,110.49299697875976,135.04699630737306,0
2021-05-13,124.97000122070312,112.47300109863282,137.46700134277344,0
2021-05-14,127.44999694824219,114.70499725341797,140.19499664306642,0
2021-05-17,126.2699966430664,113.64299697875977,138.89699630737306,0
2021-05-18,124.8499984741211,112.36499862670898,137.33499832153322,0
2021-05-19,124.69000244140625,112.22100219726563,137.15900268554688,0
2021-05-20,127.30999755859375,114.57899780273438,140.04099731445314,0
2021-05-21,125.43000030517578,112.8870002746582,137.97300033569337,0
2021-05-24,127.0999984741211,114.38999862670899,139.80999832153321,0
2021-05-25,126.9000015258789,114.21000137329102,139.59000167846682,0
2021-05-26,126.8499984741211,114.164998626709,139.5349983215332,0
2021-05-27,125.27999877929688,112.75199890136719,137.80799865722656,0
2021-05-28,124.61000061035156,112.14900054931641,137.07100067138674,0
2021-06-01,124.27999877929688,111.8519989013672,136.70799865722657,0
2021-06-02,125.05999755859375,112.55399780273437,137.56599731445314,0
2021-06-03,123.54000091552734,111.18600082397461,135.89400100708008,1
2021-06-04,125.88999938964844,113.30099945068359,138.4789993286133,1
2021-06-07,125.9000015258789,113.31000137329102,138.4900016784668,1
2021-06-08,126.73999786376953,114.06599807739258,139.41399765014648,1
2021-06-09,127.12999725341797,114.41699752807618,139.84299697875977,1
2021-06-10,126.11000061035156,113.4990005493164,138.72100067138672,1
2021-06-11,127.3499984741211,114.61499862670898,140.08499832153322,1
2021-06-14,130.47999572753906,117.43199615478515,143.527995300293,1
2021-06-15,129.63999938964844,116.67599945068359,142.6039993286133,1
2021-06-16,130.14999389648438,117.13499450683594,143.1649932861328,1
2021-06-17,131.7899932861328,118.61099395751954,144.9689926147461,1
2021-06-18,130.4600067138672,117.41400604248047,143.50600738525392,1
2021-06-21,132.3000030517578,119.07000274658203,145.5300033569336,1
2021-06-22,133.97999572753906,120.58199615478516,147.37799530029298,1
2021-06-23,133.6999969482422,120.32999725341797,147.06999664306642,1
2021-06-24,133.41000366210938,120.06900329589844,146.75100402832032,1
2021-06-25,133.11000061035156,119.7990005493164,146.42100067138674,1
2021-06-28,134.77999877929688,121.30199890136718,148.25799865722658,1
2021-06-29,136.3300018310547,122.69700164794922,149.96300201416017,0
2021-06-30,136.9600067138672,123.26400604248047,150.65600738525393,0
2021-07-01,137.27000427246094,123.54300384521484,150.99700469970705,0
2021-07-02,139.9600067138672,125.96400604248048,153.9560073852539,0
2021-07-06,142.02000427246094,127.81800384521485,156.22200469970704,0
2021-07-07,144.57000732421875,130.11300659179688,159.02700805664062,0
2021-07-08,143.24000549316406,128.91600494384767,157.5640060424805,0
2021-07-09,145.11000061035156,130.5990005493164,159.62100067138672,0
2021-07-12,144.5,130.05,158.95000000000002,0
2021-07-13,145.63999938964844,131.0759994506836,160.2039993286133,0
2021-07-14,149.14999389648438,134.23499450683593,164.06499328613282,0
2021-07-15,148.47999572753906,133.63199615478516,163.32799530029297,0
2021-07-16,146.38999938964844,131.7509994506836,161.02899932861328,0
2021-07-19,142.4499969482422,128.204997253418,156.69499664306642,0
2021-07-20,146.14999389648438,131.53499450683594,160.76499328613284,0
2021-07-21,145.39999389648438,130.85999450683593,159.93999328613282,0
2021-07-22,146.8000030517578,132.12000274658203,161.4800033569336,0
2021-07-23,148.55999755859375,133.7039978027344,163.41599731445314,0
2021-07-26,148.99000549316406,134.09100494384765,163.88900604248047,0
2021-07-27,146.77000427246094,132.09300384521484,161.44700469970704,0
2021-07-28,144.97999572753906,130.48199615478515,159.47799530029297,0
2021-07-29,145.63999938964844,131.0759994506836,160.2039993286133,0
2021-07-30,145.86000061035156,131.2740005493164,160.44600067138674,0
2021-08-02,145.52000427246094,130.96800384521484,160.07200469970704,0
2021-08-03,147.36000061035156,132.6240005493164,162.09600067138672,0
2021-08-04,146.9499969482422,132.25499725341797,161.6449966430664,0
2021-08-05,147.05999755859375,132.35399780273437,161.76599731445313,0
2021-08-06,146.13999938964844,131.5259994506836,160.7539993286133,0
2021-08-09,146.08999633789062,131.48099670410156,160.6989959716797,0
2021-08-10,145.60000610351562,131.04000549316407,160.1600067138672,0
2021-08-11,145.86000061035156,131.2740005493164,160.44600067138674,0
2021-08-12,148.88999938964844,134.0009994506836,163.77899932861328,0
2021-08-13,149.10000610351562,134.19000549316408,164.0100067138672,0
2021-08-16,151.1199951171875,136.00799560546875,166.23199462890625,0
2021-08-17,150.19000244140625,135.17100219726564,165.2090026855469,0
2021-08-18,146.36000061035156,131.7240005493164,160.99600067138672,0
2021-08-19,146.6999969482422,132.02999725341797,161.36999664306643,0
2021-08-20,148.19000244140625,133.37100219726562,163.00900268554688,0
2021-08-23,149.7100067138672,134.73900604248047,164.6810073852539,0
2021-08-24,149.6199951171875,134.65799560546876,164.58199462890627,0
2021-08-25,148.36000061035156,133.5240005493164,163.19600067138674,0
2021-08-26,147.5399932861328,132.78599395751954,162.29399261474612,0
2021-08-27,148.60000610351562,133.74000549316406,163.4600067138672,0
2021-08-30,153.1199951171875,137.80799560546876,168.43199462890627,0
2021-08-31,151.8300018310547,136.64700164794922,167.01300201416018,0
2021-09-01,152.50999450683594,137.25899505615234,167.76099395751953,0
2021-09-02,153.64999389648438,138.28499450683594,169.01499328613284,0
2021-09-03,154.3000030517578,138.87000274658203,169.7300033569336,0
2021-09-07,156.69000244140625,141.02100219726563,172.3590026855469,-1
2021-09-08,155.11000061035156,139.5990005493164,170.62100067138672,-1
2021-09-09,154.07000732421875,138.6630065917969,169.47700805664064,0
2021-09-10,148.97000122070312,134.07300109863283,163.86700134277345,0
2021-09-13,149.5500030517578,134.59500274658203,164.5050033569336,0
2021-09-14,148.1199951171875,133.30799560546876,162.93199462890627,0
2021-09-15,149.02999877929688,134.1269989013672,163.93299865722656,0
2021-09-16,148.7899932861328,133.91099395751954,163.66899261474612,0
2021-09-17,146.05999755859375,131.4539978027344,160.66599731445314,0
2021-09-20,142.94000244140625,128.64600219726563,157.2340026855469,0
2021-09-21,143.42999267578125,129.08699340820314,157.7729919433594,0
2021-09-22,145.85000610351562,131.26500549316407,160.4350067138672,0
2021-09-23,146.8300018310547,132.14700164794922,161.51300201416018,0
2021-09-24,146.9199981689453,132.22799835205078,161.61199798583985,0
2021-09-27,145.3699951171875,130.83299560546877,159.90699462890626,0
2021-09-28,141.91000366210938,127.71900329589845,156.10100402832032,0
2021-09-29,142.8300018310547,128.54700164794923,157.11300201416017,0
2021-09-30,141.5,127.35000000000001,155.65,0
2021-10-01,142.64999389648438,128.38499450683594,156.9149932861328,0
2021-10-04,139.13999938964844,125.2259994506836,153.0539993286133,0
2021-10-05,141.11000061035156,126.9990005493164,155.22100067138672,0
2021-10-06,142.0,127.8,156.20000000000002,0
2021-10-07,143.2899932861328,128.96099395751955,157.6189926147461,0
2021-10-08,142.89999389648438,128.60999450683593,157.18999328613282,0
2021-10-11,142.80999755859375,128.52899780273438,157.09099731445315,0
2021-10-12,141.50999450683594,127.35899505615235,155.66099395751954,0
2021-10-13,140.91000366210938,126.81900329589844,155.00100402832032,0
2021-10-14,143.75999450683594,129.38399505615234,158.13599395751953,0
2021-10-15,144.83999633789062,130.35599670410156,159.3239959716797,0
2021-10-18,146.5500030517578,131.89500274658204,161.20500335693362,0
2021-10-19,148.75999450683594,133.88399505615234,163.63599395751953,0
2021-10-20,149.25999450683594,134.33399505615236,164.18599395751954,0
2021-10-21,149.47999572753906,134.53199615478516,164.427995300293,0
2021-10-22,148.69000244140625,133.82100219726564,163.5590026855469,0
2021-10-25,148.63999938964844,133.7759994506836,163.5039993286133,0
2021-10-26,149.32000732421875,134.38800659179688,164.25200805664065,0
2021-10-27,148.85000610351562,133.96500549316406,163.7350067138672,0
2021-10-28,152.57000732421875,137.3130065917969,167.82700805664064,0
2021-10-29,149.8000030517578,134.82000274658205,164.7800033569336,0
2021-11-01,148.9600067138672,134.0640060424805,163.85600738525392,1
2021-11-02,150.02000427246094,135.01800384521485,165.02200469970705,1
2021-11-03,151.49000549316406,136.34100494384765,166.63900604248047,0
2021-11-04,150.9600067138672,135.86400604248047,166.0560073852539,0
2021-11-05,151.27999877929688,136.1519989013672,166.40799865722659,0
2021-11-08,150.44000244140625,135.39600219726563,165.4840026855469,1
2021-11-09,150.80999755859375,135.72899780273437,165.89099731445313,1
2021-11-10,147.9199981689453,133.12799835205078,162.71199798583984,1
2021-11-11,147.8699951171875,133.08299560546877,162.65699462890626,1
2021-11-12,149.99000549316406,134.99100494384766,164.98900604248047,1
2021-11-15,150.0,135.0,165.0,1
2021-11-16,151.0,135.9,166.10000000000002,1
2021-11-17,153.49000549316406,138.14100494384766,168.8390060424805,1
2021-11-18,157.8699951171875,142.08299560546877,173.65699462890626,1
2021-11-19,160.5500030517578,144.49500274658203,176.60500335693362,1
2021-11-22,161.02000427246094,144.91800384521486,177.12200469970705,1
2021-11-23,161.41000366210938,145.26900329589844,177.55100402832034,1
2021-11-24,161.94000244140625,145.74600219726562,178.1340026855469,1
2021-11-26,156.80999755859375,141.12899780273438,172.49099731445312,1
2021-11-29,160.24000549316406,144.21600494384765,176.26400604248047,1
2021-11-30,165.3000030517578,148.77000274658204,181.83000335693362,0
2021-12-01,164.77000427246094,148.29300384521486,181.24700469970705,0
2021-12-02,163.75999450683594,147.38399505615234,180.13599395751956,1
2021-12-03,161.83999633789062,145.65599670410157,178.0239959716797,1
2021-12-06,165.32000732421875,148.7880065917969,181.85200805664064,1
2021-12-07,171.17999267578125,154.06199340820314,188.2979919433594,0
2021-12-08,175.0800018310547,157.57200164794924,192.58800201416017,0
2021-12-09,174.55999755859375,157.10399780273437,192.01599731445313,0
2021-12-10,179.4499969482422,161.50499725341797,197.39499664306643,0
2021-12-13,175.74000549316406,158.16600494384767,193.3140060424805,0
2021-12-14,174.3300018310547,156.89700164794922,191.76300201416018,0
2021-12-15,179.3000030517578,161.37000274658203,197.23000335693362,0
2021-12-16,172.25999450683594,155.03399505615235,189.48599395751955,0
2021-12-17,171.13999938964844,154.0259994506836,188.2539993286133,0
2021-12-20,169.75,152.775,186.72500000000002,0
2021-12-21,172.99000549316406,155.69100494384767,190.28900604248048,0
2021-12-22,175.63999938964844,158.0759994506836,193.2039993286133,0
2021-12-23,176.27999877929688,158.6519989013672,193.90799865722659,0
2021-12-27,180.3300018310547,162.29700164794923,198.36300201416017,-1
2021-12-28,179.2899932861328,161.36099395751953,197.2189926147461,-1
2021-12-29,179.3800048828125,161.44200439453127,197.31800537109376,-1
2021-12-30,178.1999969482422,160.37999725341797,196.01999664306643,-1
2021-12-31,177.57000732421875,159.8130065917969,195.32700805664064,-1
2022-01-03,182.00999450683594,163.80899505615236,200.21099395751955,-1
2022-01-04,179.6999969482422,161.72999725341796,197.6699966430664,-1
2022-01-05,174.9199981689453,157.4279983520508,192.41199798583986,0
2022-01-06,172.0,154.8,189.20000000000002,0
2022-01-07,172.1699981689453,154.9529983520508,189.38699798583986,0
2022-01-10,172.19000244140625,154.97100219726562,189.40900268554688,0
2022-01-11,175.0800018310547,157.57200164794924,192.58800201416017,0
2022-01-12,175.52999877929688,157.97699890136718,193.08299865722657,0
2022-01-13,172.19000244140625,154.97100219726562,189.40900268554688,0
2022-01-14,173.07000732421875,155.76300659179688,190.37700805664065,0
2022-01-18,169.8000030517578,152.82000274658205,186.7800033569336,0
2022-01-19,166.22999572753906,149.60699615478515,182.85299530029297,0
2022-01-20,164.50999450683594,148.05899505615236,180.96099395751955,0
2022-01-21,162.41000366210938,146.16900329589845,178.65100402832033,0
2022-01-24,161.6199951171875,145.45799560546877,177.78199462890626,0
2022-01-25,159.77999877929688,143.8019989013672,175.75799865722658,1
2022-01-26,159.69000244140625,143.72100219726562,175.65900268554688,1
2022-01-27,159.22000122070312,143.29800109863282,175.14200134277345,1
2022-01-28,170.3300018310547,153.29700164794923,187.36300201416017,0
2022-01-31,174.77999877929688,157.3019989013672,192.25799865722658,0
2022-02-01,174.61000061035156,157.1490005493164,192.07100067138674,0
2022-02-02,175.83999633789062,158.25599670410156,193.42399597167972,0
2022-02-03,172.89999389648438,155.60999450683593,190.18999328613282,0
2022-02-04,172.38999938964844,155.1509994506836,189.6289993286133,0
2022-02-07,171.66000366210938,154.49400329589844,188.82600402832034,0
2022-02-08,174.8300018310547,157.3470016479492,192.31300201416016,0
2022-02-09,176.27999877929688,158.6519989013672,193.90799865722659,-1
2022-02-10,172.1199951171875,154.90799560546876,189.33199462890627,-1
2022-02-11,168.63999938964844,151.7759994506836,185.5039993286133,-1
2022-02-14,168.8800048828125,151.99200439453125,185.76800537109378,-1
2022-02-15,172.7899932861328,155.51099395751953,190.06899261474612,-1
2022-02-16,172.5500030517578,155.29500274658204,189.8050033569336,-1
2022-02-17,168.8800048828125,151.99200439453125,185.76800537109378,-1
2022-02-18,167.3000030517578,150.57000274658205,184.0300033569336,0
2022-02-22,164.32000732421875,147.88800659179688,180.75200805664065,0
2022-02-23,160.07000732421875,144.0630065917969,176.07700805664064,0
2022-02-24,162.74000549316406,146.46600494384765,179.01400604248047,0
2022-02-25,164.85000610351562,148.36500549316406,181.33500671386722,0
2022-02-28,165.1199951171875,148.60799560546874,181.63199462890626,0
2022-03-01,163.1999969482422,146.87999725341797,179.51999664306643,0
2022-03-02,166.55999755859375,149.90399780273438,183.21599731445315,0
2022-03-03,166.22999572753906,149.60699615478515,182.85299530029297,0
2022-03-04,163.1699981689453,146.85299835205078,179.48699798583985,0
2022-03-07,159.3000030517578,143.37000274658203,175.2300033569336,1
2022-03-08,157.44000244140625,141.69600219726564,173.1840026855469,1
2022-03-09,162.9499969482422,146.65499725341797,179.24499664306643,0
2022-03-10,158.52000427246094,142.66800384521486,174.37200469970705,1
2022-03-11,154.72999572753906,139.25699615478516,170.20299530029297,1
2022-03-14,150.6199951171875,135.55799560546876,165.68199462890627,1
2022-03-15,155.08999633789062,139.58099670410158,170.5989959716797,1
2022-03-16,159.58999633789062,143.63099670410156,175.5489959716797,1
2022-03-17,160.6199951171875,144.55799560546876,176.68199462890627,1
2022-03-18,163.97999572753906,147.58199615478517,180.37799530029298,0
2022-03-21,165.3800048828125,148.84200439453124,181.91800537109376,0
2022-03-22,168.82000732421875,151.9380065917969,185.70200805664064,0
2022-03-23,170.2100067138672,153.1890060424805,187.23100738525392,0
2022-03-24,174.07000732421875,156.6630065917969,191.47700805664064,0
2022-03-25,174.72000122070312,157.2480010986328,192.19200134277347,0
2022-03-28,175.60000610351562,158.04000549316407,193.1600067138672,-1
2022-03-29,178.9600067138672,161.0640060424805,196.85600738525392,-1
2022-03-30,177.77000427246094,159.99300384521484,195.54700469970706,-1
2022-03-31,174.61000061035156,157.1490005493164,192.07100067138674,-1
2022-04-01,174.30999755859375,156.87899780273438,191.74099731445315,-1
2022-04-04,178.44000244140625,160.59600219726562,196.28400268554688,-1
2022-04-05,175.05999755859375,157.5539978027344,192.56599731445314,-1
2022-04-06,171.8300018310547,154.64700164794922,189.01300201416018,0
2022-04-07,172.13999938964844,154.9259994506836,189.3539993286133,0
2022-04-08,170.08999633789062,153.08099670410158,187.0989959716797,-1
2022-04-11,165.75,149.175,182.32500000000002,0
2022-04-12,167.66000366210938,150.89400329589844,184.42600402832034,-1
2022-04-13,170.39999389648438,153.35999450683593,187.43999328613282,-1
2022-04-14,165.2899932861328,148.76099395751953,181.81899261474612,-1
2022-04-18,165.07000732421875,148.5630065917969,181.57700805664064,-1
2022-04-19,167.39999389648438,150.65999450683594,184.13999328613284,-1
2022-04-20,167.22999572753906,150.50699615478516,183.952995300293,-1
2022-04-21,166.4199981689453,149.7779983520508,183.06199798583987,-1
2022-04-22,161.7899932861328,145.61099395751953,177.9689926147461,-1
2022-04-25,162.8800048828125,146.59200439453124,179.16800537109376,-1
2022-04-26,156.8000030517578,141.12000274658203,172.4800033569336,-1
2022-04-27,156.57000732421875,140.9130065917969,172.22700805664064,-1
2022-04-28,163.63999938964844,147.2759994506836,180.0039993286133,-1
2022-04-29,157.64999389648438,141.88499450683594,173.4149932861328,-1
2022-05-02,157.9600067138672,142.16400604248048,173.75600738525392,-1
2022-05-03,159.47999572753906,143.53199615478516,175.427995300293,-1
2022-05-04,166.02000427246094,149.41800384521486,182.62200469970705,-1
2022-05-05,156.77000427246094,141.09300384521484,172.44700469970704,-1
2022-05-06,157.27999877929688,141.5519989013672,173.00799865722658,-1
2022-05-09,152.05999755859375,136.85399780273437,167.26599731445313,0
2022-05-10,154.50999450683594,139.05899505615236,169.96099395751955,-1
2022-05-11,146.5,131.85,161.15,0
2022-05-12,142.55999755859375,128.3039978027344,156.81599731445314,0
2022-05-13,147.11000061035156,132.3990005493164,161.82100067138674,-1
2022-05-16,145.5399932861328,130.98599395751953,160.0939926147461,0
2022-05-17,149.24000549316406,134.31600494384767,164.16400604248048,-1
2022-05-18,140.82000732421875,126.73800659179688,154.90200805664062,0
2022-05-19,137.35000610351562,123.61500549316406,151.0850067138672,1
2022-05-20,137.58999633789062,123.83099670410157,151.3489959716797,0
2022-05-23,143.11000061035156,128.79900054931642,157.42100067138674,0
2022-05-24,140.36000061035156,126.32400054931641,154.39600067138673,0
2022-05-25,140.52000427246094,126.46800384521485,154.57200469970704,0
2022-05-26,143.77999877929688,129.4019989013672,158.15799865722659,0
2022-05-27,149.63999938964844,134.6759994506836,164.6039993286133,-1
2022-05-31,148.83999633789062,133.95599670410158,163.7239959716797,-1
2022-06-01,148.7100067138672,133.83900604248046,163.5810073852539,-1
2022-06-02,151.2100067138672,136.08900604248046,166.3310073852539,-1
2022-06-03,145.3800048828125,130.84200439453124,159.91800537109376,-1
2022-06-06,146.13999938964844,131.5259994506836,160.7539993286133,-1
2022-06-07,148.7100067138672,133.83900604248046,163.5810073852539,-1
2022-06-08,147.9600067138672,133.16400604248048,162.75600738525392,-1
2022-06-09,142.63999938964844,128.3759994506836,156.90399932861328,0
2022-06-10,137.1300048828125,123.41700439453125,150.84300537109377,0
2022-06-13,131.8800048828125,118.69200439453125,145.06800537109376,1
2022-06-14,132.75999450683594,119.48399505615235,146.03599395751954,1
2022-06-15,135.42999267578125,121.88699340820312,148.97299194335938,1
2022-06-16,130.05999755859375,117.05399780273437,143.06599731445314,1
2022-06-17,131.55999755859375,118.40399780273438,144.71599731445315,1
2022-06-21,135.8699951171875,122.28299560546876,149.45699462890627,1
2022-06-22,135.35000610351562,121.81500549316407,148.8850067138672,1
2022-06-23,138.27000427246094,124.44300384521485,152.09700469970704,1
2022-06-24,141.66000366210938,127.49400329589844,155.8260040283203,0
2022-06-27,141.66000366210938,127.49400329589844,155.8260040283203,0
2022-06-28,137.44000244140625,123.69600219726563,151.1840026855469,1
2022-06-29,139.22999572753906,125.30699615478515,153.152995300293,1
2022-06-30,136.72000122070312,123.04800109863281,150.39200134277345,1
2022-07-01,138.92999267578125,125.03699340820313,152.8229919433594,1
2022-07-05,141.55999755859375,127.40399780273438,155.71599731445315,1
2022-07-06,142.9199981689453,128.62799835205078,157.21199798583984,1
2022-07-07,146.35000610351562,131.71500549316406,160.9850067138672,1
2022-07-08,147.0399932861328,132.33599395751955,161.7439926147461,1
2022-07-11,144.8699951171875,130.38299560546875,159.35699462890625,1
2022-07-12,145.86000061035156,131.2740005493164,160.44600067138674,1
2022-07-13,145.49000549316406,130.94100494384767,160.03900604248048,1
2022-07-14,148.47000122070312,133.6230010986328,163.31700134277344,1
2022-07-15,150.1699981689453,135.1529983520508,165.18699798583987,1
2022-07-18,147.07000732421875,132.36300659179688,161.77700805664062,1
2022-07-19,151.0,135.9,166.10000000000002,1
2022-07-20,153.0399932861328,137.73599395751953,168.3439926147461,1
2022-07-21,155.35000610351562,139.81500549316408,170.8850067138672,1
2022-07-22,154.08999633789062,138.68099670410157,169.4989959716797,1
2022-07-25,152.9499969482422,137.65499725341797,168.24499664306643,1
2022-07-26,151.60000610351562,136.44000549316408,166.7600067138672,1
2022-07-27,156.7899932861328,141.11099395751953,172.4689926147461,1
2022-07-28,157.35000610351562,141.61500549316406,173.0850067138672,1
2022-07-29,162.50999450683594,146.25899505615234,178.76099395751956,0
2022-08-01,161.50999450683594,145.35899505615234,177.66099395751954,0
2022-08-02,160.00999450683594,144.00899505615234,176.01099395751956,0
2022-08-03,166.1300048828125,149.51700439453126,182.74300537109377,0
2022-08-04,165.80999755859375,149.22899780273437,182.39099731445313,0
2022-08-05,165.35000610351562,148.81500549316408,181.8850067138672,0
2022-08-08,164.8699951171875,148.38299560546875,181.35699462890628,0
2022-08-09,164.9199981689453,148.4279983520508,181.41199798583986,0
2022-08-10,169.24000549316406,152.31600494384767,186.16400604248048,0
2022-08-11,168.49000549316406,151.64100494384766,185.3390060424805,0
2022-08-12,172.10000610351562,154.89000549316407,189.3100067138672,-1
2022-08-15,173.19000244140625,155.87100219726562,190.5090026855469,-1
2022-08-16,173.02999877929688,155.72699890136718,190.33299865722657,-1
2022-08-17,174.5500030517578,157.09500274658203,192.0050033569336,-1
2022-08-18,174.14999389648438,156.73499450683593,191.56499328613282,-1
2022-08-19,171.52000427246094,154.36800384521484,188.67200469970706,-1
2022-08-22,167.57000732421875,150.8130065917969,184.32700805664064,-1
2022-08-23,167.22999572753906,150.50699615478516,183.952995300293,0
2022-08-24,167.52999877929688,150.7769989013672,184.28299865722659,-1
2022-08-25,170.02999877929688,153.0269989013672,187.03299865722659,-1
2022-08-26,163.6199951171875,147.25799560546875,179.98199462890628,0
2022-08-29,161.3800048828125,145.24200439453125,177.51800537109378,0
2022-08-30,158.91000366210938,143.01900329589844,174.80100402832034,0
2022-08-31,157.22000122070312,141.4980010986328,172.94200134277344,0
2022-09-01,157.9600067138672,142.16400604248048,173.75600738525392,-1
2022-09-02,155.80999755859375,140.22899780273437,171.39099731445313,-1
2022-09-06,154.52999877929688,139.0769989013672,169.98299865722657,-1
2022-09-07,155.9600067138672,140.36400604248047,171.5560073852539,-1
2022-09-08,154.4600067138672,139.01400604248047,169.90600738525393,-1
2022-09-09,157.3699951171875,141.63299560546875,173.10699462890625,-1
2022-09-12,163.42999267578125,147.08699340820314,179.7729919433594,-1
2022-09-13,153.83999633789062,138.45599670410158,169.2239959716797,-1
2022-09-14,155.30999755859375,139.77899780273438,170.84099731445315,-1
2022-09-15,152.3699951171875,137.13299560546875,167.60699462890625,0
2022-09-16,150.6999969482422,135.62999725341797,165.7699966430664,0
2022-09-19,154.47999572753906,139.03199615478516,169.927995300293,-1
2022-09-20,156.89999389648438,141.20999450683595,172.58999328613282,-1
2022-09-21,153.72000122070312,138.3480010986328,169.09200134277344,-1
2022-09-22,152.74000549316406,137.46600494384765,168.01400604248047,0
2022-09-23,150.42999267578125,135.38699340820312,165.47299194335938,0
2022-09-26,150.77000427246094,135.69300384521486,165.84700469970704,0
2022-09-27,151.75999450683594,136.58399505615236,166.93599395751954,0
2022-09-28,149.83999633789062,134.85599670410156,164.8239959716797,0
2022-09-29,142.47999572753906,128.23199615478515,156.72799530029297,0
2022-09-30,138.1999969482422,124.37999725341797,152.0199966430664,1
2022-10-03,142.4499969482422,128.204997253418,156.69499664306642,0
2022-10-04,146.10000610351562,131.49000549316406,160.7100067138672,0
2022-10-05,146.39999389648438,131.75999450683594,161.0399932861328,0
2022-10-06,145.42999267578125,130.88699340820312,159.97299194335938,0
2022-10-07,140.08999633789062,126.08099670410157,154.0989959716797,1
2022-10-10,140.4199981689453,126.37799835205078,154.46199798583984,1
2022-10-11,138.97999572753906,125.08199615478516,152.87799530029298,1
2022-10-12,138.33999633789062,124.50599670410156,152.1739959716797,1
2022-10-13,142.99000549316406,128.69100494384767,157.28900604248048,0
2022-10-14,138.3800048828125,124.54200439453125,152.21800537109377,1
2022-10-17,142.41000366210938,128.16900329589845,156.65100402832033,0
2022-10-18,143.75,129.375,158.125,0
2022-10-19,143.86000061035156,129.4740005493164,158.24600067138672,0
2022-10-20,143.38999938964844,129.0509994506836,157.7289993286133,0
2022-10-21,147.27000427246094,132.54300384521486,161.99700469970705,0
2022-10-24,149.4499969482422,134.50499725341797,164.3949966430664,0
2022-10-25,152.33999633789062,137.10599670410156,167.5739959716797,-1
2022-10-26,149.35000610351562,134.41500549316407,164.2850067138672,0
2022-10-27,144.8000030517578,130.32000274658205,159.2800033569336,0
2022-10-28,155.74000549316406,140.16600494384767,171.3140060424805,-1
2022-10-31,153.33999633789062,138.00599670410156,168.6739959716797,-1
2022-11-01,150.64999389648438,135.58499450683595,165.71499328613282,-1
2022-11-02,145.02999877929688,130.5269989013672,159.53299865722659,0
2022-11-03,138.8800048828125,124.99200439453125,152.76800537109375,0
2022-11-04,138.3800048828125,124.54200439453125,152.21800537109377,0
2022-11-07,138.9199981689453,125.02799835205079,152.81199798583987,0
2022-11-08,139.5,125.55,153.45000000000002,0
2022-11-09,134.8699951171875,121.38299560546875,148.35699462890625,1
2022-11-10,146.8699951171875,132.18299560546876,161.55699462890627,0
2022-11-11,149.6999969482422,134.72999725341796,164.6699966430664,0
2022-11-14,148.27999877929688,133.4519989013672,163.10799865722657,0
2022-11-15,150.0399932861328,135.03599395751954,165.04399261474612,0
2022-11-16,148.7899932861328,133.91099395751954,163.66899261474612,0
2022-11-17,150.72000122070312,135.64800109863282,165.79200134277346,-1
2022-11-18,151.2899932861328,136.16099395751954,166.41899261474612,-1
2022-11-21,148.00999450683594,133.20899505615236,162.81099395751954,-1
2022-11-22,150.17999267578125,135.16199340820313,165.1979919433594,-1
2022-11-23,151.07000732421875,135.96300659179687,166.17700805664063,-1
2022-11-25,148.11000061035156,133.29900054931642,162.92100067138674,-1
2022-11-28,144.22000122070312,129.79800109863282,158.64200134277345,0
2022-11-29,141.1699981689453,127.05299835205078,155.28699798583986,-1
2022-11-30,148.02999877929688,133.22699890136718,162.83299865722657,-1
2022-12-01,148.30999755859375,133.47899780273437,163.14099731445313,-1
2022-12-02,147.80999755859375,133.02899780273438,162.59099731445315,-1
2022-12-05,146.6300048828125,131.96700439453124,161.29300537109376,-1
2022-12-06,142.91000366210938,128.61900329589844,157.2010040283203,-1
2022-12-07,140.94000244140625,126.84600219726563,155.03400268554688,-1
2022-12-08,142.64999389648438,128.38499450683594,156.9149932861328,-1
2022-12-09,142.16000366210938,127.94400329589844,156.37600402832032,-1
2022-12-12,144.49000549316406,130.04100494384767,158.9390060424805,-1
2022-12-13,145.47000122070312,130.92300109863282,160.01700134277345,-1
2022-12-14,143.2100067138672,128.88900604248047,157.53100738525393,-1
2022-12-15,136.5,122.85000000000001,150.15,0
2022-12-16,134.50999450683594,121.05899505615234,147.96099395751955,0
2022-12-19,132.3699951171875,119.13299560546875,145.60699462890625,0
2022-12-20,132.3000030517578,119.07000274658203,145.5300033569336,0
2022-12-21,135.4499969482422,121.90499725341797,148.99499664306643,0
2022-12-22,132.22999572753906,119.00699615478516,145.45299530029297,0
2022-12-23,131.86000061035156,118.6740005493164,145.04600067138674,0
2022-12-27,130.02999877929688,117.0269989013672,143.03299865722659,1
2022-12-28,126.04000091552734,113.43600082397461,138.64400100708008,1
2022-12-29,129.61000061035156,116.64900054931641,142.57100067138674,1
2022-12-30,129.92999267578125,116.93699340820312,142.9229919433594,1
2023-01-03,125.06999969482422,112.5629997253418,137.57699966430664,1
2023-01-04,126.36000061035156,113.72400054931641,138.99600067138672,1
2023-01-05,125.0199966430664,112.51799697875977,137.52199630737306,1
2023-01-06,129.6199951171875,116.65799560546876,142.58199462890627,1
2023-01-09,130.14999389648438,117.13499450683594,143.1649932861328,1
2023-01-10,130.72999572753906,117.65699615478516,143.802995300293,1
2023-01-11,133.49000549316406,120.14100494384766,146.8390060424805,1
2023-01-12,133.41000366210938,120.06900329589844,146.75100402832032,1
2023-01-13,134.75999450683594,121.28399505615235,148.23599395751955,1
2023-01-17,135.94000244140625,122.34600219726563,149.53400268554688,1
2023-01-18,135.2100067138672,121.68900604248047,148.73100738525392,1
2023-01-19,135.27000427246094,121.74300384521484,148.79700469970703,1
2023-01-20,137.8699951171875,124.08299560546875,151.65699462890626,1
2023-01-23,141.11000061035156,126.9990005493164,155.22100067138672,1
2023-01-24,142.52999877929688,128.2769989013672,156.78299865722659,0
2023-01-25,141.86000061035156,127.6740005493164,156.04600067138674,0
2023-01-26,143.9600067138672,129.5640060424805,158.35600738525392,0
2023-01-27,145.92999267578125,131.33699340820314,160.5229919433594,0
2023-01-30,143.0,128.70000000000002,157.3,0
2023-01-31,144.2899932861328,129.86099395751953,158.7189926147461,0
2023-02-01,145.42999267578125,130.88699340820312,159.97299194335938,0
2023-02-02,150.82000732421875,135.73800659179688,165.90200805664062,0
2023-02-03,154.5,139.05,169.95000000000002,0
2023-02-06,151.72999572753906,136.55699615478517,166.902995300293,0
2023-02-07,154.64999389648438,139.18499450683595,170.11499328613283,0
2023-02-08,151.9199981689453,136.72799835205078,167.11199798583985,0
2023-02-09,150.8699951171875,135.78299560546876,165.95699462890627,0
2023-02-10,151.00999450683594,135.90899505615235,166.11099395751955,0
2023-02-13,153.85000610351562,138.46500549316406,169.2350067138672,0
2023-02-14,153.1999969482422,137.87999725341797,168.5199966430664,0
2023-02-15,155.3300018310547,139.79700164794923,170.86300201416017,0
2023-02-16,153.7100067138672,138.33900604248046,169.0810073852539,0
2023-02-17,152.5500030517578,137.29500274658204,167.8050033569336,0
2023-02-21,148.47999572753906,133.63199615478516,163.32799530029297,0
2023-02-22,148.91000366210938,134.01900329589844,163.80100402832034,0
2023-02-23,149.39999389648438,134.45999450683595,164.33999328613282,0
2023-02-24,146.7100067138672,132.03900604248048,161.38100738525392,0
2023-02-27,147.9199981689453,133.12799835205078,162.71199798583984,0
2023-02-28,147.41000366210938,132.66900329589845,162.15100402832033,0
2023-03-01,145.30999755859375,130.77899780273438,159.84099731445315,1
2023-03-02,145.91000366210938,131.31900329589845,160.50100402832032,1
2023-03-03,151.02999877929688,135.9269989013672,166.13299865722658,0
2023-03-06,153.8300018310547,138.44700164794924,169.21300201416017,0
2023-03-07,151.60000610351562,136.44000549316408,166.7600067138672,0
2023-03-08,152.8699951171875,137.58299560546877,168.15699462890626,0
2023-03-09,150.58999633789062,135.53099670410157,165.6489959716797,1
2023-03-10,148.5,133.65,163.35000000000002,1
2023-03-13,150.47000122070312,135.42300109863282,165.51700134277345,1
2023-03-14,152.58999633789062,137.33099670410158,167.8489959716797,0
2023-03-15,152.99000549316406,137.69100494384767,168.28900604248048,0
2023-03-16,155.85000610351562,140.26500549316407,171.4350067138672,0
2023-03-17,155.0,139.5,170.5,0
2023-03-20,157.39999389648438,141.65999450683594,173.13999328613284,0
2023-03-21,159.27999877929688,143.35199890136718,175.20799865722657,0
2023-03-22,157.8300018310547,142.04700164794923,173.61300201416017,0
2023-03-23,158.92999267578125,143.03699340820313,174.8229919433594,0
2023-03-24,160.25,144.225,176.275,0
2023-03-27,158.27999877929688,142.4519989013672,174.10799865722657,0
2023-03-28,157.64999389648438,141.88499450683594,173.4149932861328,0
2023-03-29,160.77000427246094,144.69300384521486,176.84700469970704,0
2023-03-30,162.36000061035156,146.1240005493164,178.59600067138675,0
2023-03-31,164.89999389648438,148.40999450683594,181.38999328613284,0
2023-04-03,166.1699981689453,149.5529983520508,182.78699798583986,0
2023-04-04,165.6300048828125,149.06700439453127,182.19300537109376,0
2023-04-05,163.75999450683594,147.38399505615234,180.13599395751956,0
2023-04-06,164.66000366210938,148.19400329589845,181.12600402832032,0
2023-04-10,162.02999877929688,145.8269989013672,178.23299865722657,0
2023-04-11,160.8000030517578,144.72000274658203,176.8800033569336,0
2023-04-12,160.10000610351562,144.09000549316406,176.1100067138672,0
2023-04-13,165.55999755859375,149.00399780273438,182.11599731445315,0
2023-04-14,165.2100067138672,148.6890060424805,181.73100738525392,0
2023-04-17,165.22999572753906,148.70699615478517,181.75299530029298,0
2023-04-18,166.47000122070312,149.82300109863283,183.11700134277345,0
2023-04-19,167.6300048828125,150.86700439453125,184.39300537109378,0
2023-04-20,166.64999389648438,149.98499450683593,183.31499328613282,0
2023-04-21,165.02000427246094,148.51800384521485,181.52200469970705,0
2023-04-24,165.3300018310547,148.79700164794923,181.86300201416017,0
2023-04-25,163.77000427246094,147.39300384521485,180.14700469970705,0
2023-04-26,163.75999450683594,147.38399505615234,180.13599395751956,0
2023-04-27,168.41000366210938,151.56900329589845,185.25100402832032,0
2023-04-28,169.67999267578125,152.71199340820314,186.6479919433594,0
2023-05-01,169.58999633789062,152.63099670410156,186.54899597167972,0
2023-05-02,168.5399932861328,151.68599395751954,185.3939926147461,0
2023-05-03,167.4499969482422,150.704997253418,184.19499664306642,0
2023-05-04,165.7899932861328,149.21099395751955,182.3689926147461,0
2023-05-05,173.57000732421875,156.21300659179687,190.92700805664063,0
2023-05-08,173.5,156.15,190.85000000000002,0
2023-05-09,171.77000427246094,154.59300384521484,188.94700469970704,0
2023-05-10,173.55999755859375,156.2039978027344,190.91599731445314,0
2023-05-11,173.75,156.375,191.12500000000003,0
2023-05-12,172.57000732421875,155.3130065917969,189.82700805664064,0
2023-05-15,172.07000732421875,154.86300659179688,189.27700805664065,0
2023-05-16,172.07000732421875,154.86300659179688,189.27700805664065,0
2023-05-17,172.69000244140625,155.42100219726564,189.9590026855469,0
2023-05-18,175.0500030517578,157.54500274658204,192.5550033569336,0
2023-05-19,175.16000366210938,157.64400329589844,192.67600402832034,0
2023-05-22,174.1999969482422,156.77999725341797,191.61999664306643,0
2023-05-23,171.55999755859375,154.40399780273438,188.71599731445315,0
2023-05-24,171.83999633789062,154.65599670410157,189.0239959716797,0
2023-05-25,172.99000549316406,155.69100494384767,190.28900604248048,0
2023-05-26,175.42999267578125,157.88699340820312,192.9729919433594,0
2023-05-30,177.3000030517578,159.57000274658205,195.0300033569336,0
2023-05-31,177.25,159.525,194.97500000000002,0
2023-06-01,180.08999633789062,162.08099670410158,198.0989959716797,0
2023-06-02,180.9499969482422,162.85499725341796,199.0449966430664,0
2023-06-05,179.5800018310547,161.62200164794922,197.53800201416018,0
2023-06-06,179.2100067138672,161.28900604248048,197.13100738525392,0
2023-06-07,177.82000732421875,160.0380065917969,195.60200805664064,0
2023-06-08,180.57000732421875,162.51300659179688,198.62700805664065,0
2023-06-09,180.9600067138672,162.86400604248047,199.05600738525393,0
2023-06-12,183.7899932861328,165.41099395751954,202.16899261474612,0
2023-06-13,183.30999755859375,164.97899780273437,201.64099731445313,0
2023-06-14,183.9499969482422,165.55499725341798,202.34499664306642,0
2023-06-15,186.00999450683594,167.40899505615235,204.61099395751955,0
2023-06-16,184.9199981689453,166.4279983520508,203.41199798583986,0
2023-06-20,185.00999450683594,166.50899505615234,203.51099395751956,0
2023-06-21,183.9600067138672,165.5640060424805,202.35600738525392,0
2023-06-22,187.0,168.3,205.70000000000002,0
2023-06-23,186.67999267578125,168.01199340820312,205.3479919433594,0
2023-06-26,185.27000427246094,166.74300384521484,203.79700469970706,0
2023-06-27,188.05999755859375,169.25399780273438,206.86599731445315,0
2023-06-28,189.25,170.32500000000002,208.175,0
2023-06-29,189.58999633789062,170.63099670410156,208.54899597167972,0
2023-06-30,193.97000122070312,174.57300109863283,213.36700134277345,0
2023-07-03,192.4600067138672,173.21400604248046,211.7060073852539,0
2023-07-05,191.3300018310547,172.19700164794924,210.46300201416017,0
2023-07-06,191.80999755859375,172.62899780273438,210.99099731445315,0
2023-07-07,190.67999267578125,171.61199340820312,209.74799194335938,0
2023-07-10,188.61000061035156,169.7490005493164,207.47100067138675,0
2023-07-11,188.0800018310547,169.27200164794922,206.88800201416018,0
2023-07-12,189.77000427246094,170.79300384521486,208.74700469970705,0
2023-07-13,190.5399932861328,171.48599395751953,209.5939926147461,0
2023-07-14,190.69000244140625,171.62100219726562,209.7590026855469,0
2023-07-17,193.99000549316406,174.59100494384765,213.38900604248047,0
2023-07-18,193.72999572753906,174.35699615478515,213.10299530029297,0
2023-07-19,195.10000610351562,175.59000549316406,214.6100067138672,0
2023-07-20,193.1300048828125,173.81700439453127,212.44300537109376,0
2023-07-21,191.94000244140625,172.74600219726562,211.1340026855469,0
2023-07-24,192.75,173.475,212.025,0
2023-07-25,193.6199951171875,174.25799560546875,212.98199462890628,-1
2023-07-26,194.5,175.05,213.95000000000002,-1
2023-07-27,193.22000122070312,173.89800109863282,212.54200134277346,0
2023-07-28,195.8300018310547,176.24700164794922,215.41300201416018,-1
2023-07-31,196.4499969482422,176.80499725341798,216.09499664306642,-1
2023-08-01,195.61000061035156,176.04900054931642,215.17100067138674,-1
2023-08-02,192.5800018310547,173.32200164794924,211.83800201416017,0
2023-08-03,191.1699981689453,172.0529983520508,210.28699798583986,0
2023-08-04,181.99000549316406,163.79100494384767,200.1890060424805,0
2023-08-07,178.85000610351562,160.96500549316406,196.7350067138672,0
2023-08-08,179.8000030517578,161.82000274658205,197.7800033569336,0
2023-08-09,178.19000244140625,160.37100219726562,196.0090026855469,0
2023-08-10,177.97000122070312,160.17300109863282,195.76700134277345,0
2023-08-11,177.7899932861328,160.01099395751953,195.56899261474612,0
2023-08-14,179.4600067138672,161.51400604248047,197.40600738525393,0
2023-08-15,177.4499969482422,159.704997253418,195.19499664306642,0
2023-08-16,176.57000732421875,158.9130065917969,194.22700805664064,0
2023-08-17,174.0,156.6,191.4,0
2023-08-18,174.49000549316406,157.04100494384767,191.9390060424805,0
2023-08-21,175.83999633789062,158.25599670410156,193.42399597167972,0
2023-08-22,177.22999572753906,159.50699615478516,194.952995300293,0
2023-08-23,181.1199951171875,163.00799560546875,199.23199462890628,0
2023-08-24,176.3800048828125,158.74200439453125,194.01800537109378,0
2023-08-25,178.61000061035156,160.7490005493164,196.47100067138675,0
2023-08-28,180.19000244140625,162.17100219726564,198.2090026855469,0
2023-08-29,184.1199951171875,165.70799560546877,202.53199462890626,0
2023-08-30,187.64999389648438,168.88499450683594,206.41499328613284,0
2023-08-31,187.8699951171875,169.08299560546877,206.65699462890626,0
2023-09-01,189.4600067138672,170.51400604248047,208.40600738525393,-1
2023-09-05,189.6999969482422,170.72999725341796,208.6699966430664,-1
2023-09-06,182.91000366210938,164.61900329589844,201.20100402832034,0
2023-09-07,177.55999755859375,159.8039978027344,195.31599731445314,0
2023-09-08,178.17999267578125,160.36199340820312,195.99799194335938,0
2023-09-11,179.36000061035156,161.42400054931642,197.29600067138674,0
2023-09-12,176.3000030517578,158.67000274658204,193.9300033569336,0
2023-09-13,174.2100067138672,156.78900604248048,191.63100738525392,0
2023-09-14,175.74000549316406,158.16600494384767,193.3140060424805,0
2023-09-15,175.00999450683594,157.50899505615234,192.51099395751956,0
2023-09-18,177.97000122070312,160.17300109863282,195.76700134277345,0
2023-09-19,179.07000732421875,161.1630065917969,196.97700805664064,0
2023-09-20,175.49000549316406,157.94100494384767,193.03900604248048,0
2023-09-21,173.92999267578125,156.53699340820313,191.3229919433594,0
2023-09-22,174.7899932861328,157.31099395751954,192.2689926147461,0
2023-09-25,176.0800018310547,158.4720016479492,193.68800201416016,0
2023-09-26,171.9600067138672,154.76400604248047,189.15600738525393,0
2023-09-27,170.42999267578125,153.38699340820312,187.4729919433594,0
2023-09-28,170.69000244140625,153.62100219726562,187.7590026855469,0
2023-09-29,171.2100067138672,154.08900604248046,188.3310073852539,0
2023-10-02,173.75,156.375,191.12500000000003,0
2023-10-03,172.39999389648438,155.15999450683594,189.63999328613284,0
2023-10-04,173.66000366210938,156.29400329589845,191.02600402832033,0
2023-10-05,174.91000366210938,157.41900329589845,192.40100402832033,0
2023-10-06,177.49000549316406,159.74100494384766,195.2390060424805,0
2023-10-09,178.99000549316406,161.09100494384765,196.88900604248047,0
2023-10-10,178.38999938964844,160.5509994506836,196.2289993286133,0
2023-10-11,179.8000030517578,161.82000274658205,197.7800033569336,0
2023-10-12,180.7100067138672,162.63900604248047,198.78100738525393,0
2023-10-13,178.85000610351562,160.96500549316406,196.7350067138672,0
2023-10-16,178.72000122070312,160.8480010986328,196.59200134277344,0
2023-10-17,177.14999389648438,159.43499450683595,194.86499328613283,0
2023-10-18,175.83999633789062,158.25599670410156,193.42399597167972,0
2023-10-19,175.4600067138672,157.91400604248048,193.00600738525392,0
2023-10-20,172.8800048828125,155.59200439453124,190.16800537109376,0
2023-10-23,173.0,155.70000000000002,190.3,1
2023-10-24,173.44000244140625,156.09600219726562,190.78400268554688,1
2023-10-25,171.10000610351562,153.99000549316406,188.21000671386722,1
2023-10-26,166.88999938964844,150.2009994506836,183.5789993286133,1
2023-10-27,168.22000122070312,151.39800109863282,185.04200134277346,1
2023-10-30,170.2899932861328,153.26099395751953,187.31899261474612,1
2023-10-31,170.77000427246094,153.69300384521486,187.84700469970704,1
2023-11-01,173.97000122070312,156.57300109863283,191.36700134277345,1
2023-11-02,177.57000732421875,159.8130065917969,195.32700805664064,0
2023-11-03,176.64999389648438,158.98499450683593,194.31499328613282,0
2023-11-06,179.22999572753906,161.30699615478517,197.152995300293,0
2023-11-07,181.82000732421875,163.63800659179688,200.00200805664065,0
2023-11-08,182.88999938964844,164.6009994506836,201.1789993286133,0
2023-11-09,182.41000366210938,164.16900329589845,200.65100402832033,0
2023-11-10,186.39999389648438,167.75999450683594,205.03999328613284,0
2023-11-13,184.8000030517578,166.32000274658205,203.2800033569336,0
2023-11-14,187.44000244140625,168.69600219726564,206.1840026855469,0
2023-11-15,188.00999450683594,169.20899505615236,206.81099395751954,0
2023-11-16,189.7100067138672,170.73900604248047,208.68100738525393,0
2023-11-17,189.69000244140625,170.72100219726562,208.65900268554688,0
2023-11-20,191.4499969482422,172.30499725341798,210.59499664306642,0
2023-11-21,190.63999938964844,171.5759994506836,209.7039993286133,0
2023-11-22,191.30999755859375,172.1789978027344,210.44099731445314,0
2023-11-24,189.97000122070312,170.9730010986328,208.96700134277344,0
2023-11-27,189.7899932861328,170.81099395751954,208.7689926147461,0
2023-11-28,190.39999389648438,171.35999450683593,209.43999328613282,0
2023-11-29,189.3699951171875,170.43299560546876,208.30699462890627,0
2023-11-30,189.9499969482422,170.954997253418,208.94499664306642,0
2023-12-01,191.24000549316406,172.11600494384766,210.3640060424805,0
2023-12-04,189.42999267578125,170.48699340820312,208.37299194335938,0
2023-12-05,193.4199981689453,174.0779983520508,212.76199798583986,0
2023-12-06,192.32000732421875,173.08800659179687,211.55200805664063,0
2023-12-07,194.27000427246094,174.84300384521484,213.69700469970704,0
2023-12-08,195.7100067138672,176.13900604248047,215.28100738525393,0
2023-12-11,193.17999267578125,173.86199340820312,212.49799194335938,0
2023-12-12,194.7100067138672,175.23900604248047,214.18100738525393,0
2023-12-13,197.9600067138672,178.16400604248048,217.75600738525392,0
2023-12-14,198.11000061035156,178.29900054931642,217.92100067138674,0
2023-12-15,197.57000732421875,177.8130065917969,217.32700805664064,0
2023-12-18,195.88999938964844,176.3009994506836,215.4789993286133,0
2023-12-19,196.94000244140625,177.24600219726562,216.6340026855469,0
2023-12-20,194.8300018310547,175.3470016479492,214.31300201416016,0
2023-12-21,194.67999267578125,175.21199340820314,214.1479919433594,0
2023-12-22,193.60000610351562,174.24000549316406,212.96000671386722,0
2023-12-26,193.0500030517578,173.74500274658203,212.35500335693362,0
2023-12-27,193.14999389648438,173.83499450683595,212.46499328613282,0
2023-12-28,193.5800018310547,174.2220016479492,212.93800201416016,0
2023-12-29,192.52999877929688,173.2769989013672,211.78299865722659,0
2024-01-02,185.63999938964844,167.0759994506836,204.2039993286133,0
2024-01-03,184.25,165.82500000000002,202.675,0
2024-01-04,181.91000366210938,163.71900329589843,200.10100402832032,0
2024-01-05,181.17999267578125,163.06199340820314,199.2979919433594,0
2024-01-08,185.55999755859375,167.00399780273438,204.11599731445315,0
2024-01-09,185.13999938964844,166.6259994506836,203.6539993286133,0
2024-01-10,186.19000244140625,167.57100219726564,204.8090026855469,0
2024-01-11,185.58999633789062,167.03099670410157,204.1489959716797,0
2024-01-12,185.9199981689453,167.3279983520508,204.51199798583986,0
2024-01-16,183.6300048828125,165.26700439453126,201.99300537109377,0
2024-01-17,182.67999267578125,164.41199340820313,200.9479919433594,0
2024-01-18,188.6300048828125,169.76700439453126,207.49300537109377,0
2024-01-19,191.55999755859375,172.40399780273438,210.71599731445315,0
2024-01-22,193.88999938964844,174.5009994506836,213.2789993286133,0
2024-01-23,195.17999267578125,175.66199340820313,214.6979919433594,0
2024-01-24,194.5,175.05,213.95000000000002,0
2024-01-25,194.1699981689453,174.75299835205078,213.58699798583987,0
2024-01-26,192.4199981689453,173.1779983520508,211.66199798583986,0
2024-01-29,191.72999572753906,172.55699615478517,210.902995300293,0
2024-01-30,188.0399932861328,169.23599395751953,206.8439926147461,0
2024-01-31,184.39999389648438,165.95999450683595,202.83999328613282,0
2024-02-01,186.86000061035156,168.17400054931642,205.54600067138674,0
2024-02-02,185.85000610351562,167.26500549316407,204.4350067138672,0
2024-02-05,187.67999267578125,168.91199340820313,206.4479919433594,0
2024-02-06,189.3000030517578,170.37000274658203,208.23000335693362,-1
2024-02-07,189.41000366210938,170.46900329589843,208.35100402832032,-1
2024-02-08,188.32000732421875,169.48800659179688,207.15200805664065,-1
2024-02-09,188.85000610351562,169.96500549316406,207.7350067138672,-1
2024-02-12,187.14999389648438,168.43499450683595,205.86499328613283,0
2024-02-13,185.0399932861328,166.53599395751954,203.54399261474612,0
2024-02-14,184.14999389648438,165.73499450683593,202.56499328613282,0
2024-02-15,183.86000061035156,165.4740005493164,202.24600067138672,0
2024-02-16,182.30999755859375,164.0789978027344,200.54099731445314,0
2024-02-20,181.55999755859375,163.40399780273438,199.71599731445315,0
2024-02-21,182.32000732421875,164.08800659179687,200.55200805664063,0
2024-02-22,184.3699951171875,165.93299560546876,202.80699462890627,0
2024-02-23,182.52000427246094,164.26800384521485,200.77200469970705,0
2024-02-26,181.16000366210938,163.04400329589845,199.27600402832033,0
2024-02-27,182.6300048828125,164.36700439453125,200.89300537109378,0
2024-02-28,181.4199981689453,163.2779983520508,199.56199798583987,0
2024-02-29,180.75,162.675,198.82500000000002,0
2024-03-01,179.66000366210938,161.69400329589845,197.62600402832032,0
2024-03-04,175.10000610351562,157.59000549316406,192.6100067138672,0
2024-03-05,170.1199951171875,153.10799560546874,187.13199462890626,0
2024-03-06,169.1199951171875,152.20799560546877,186.03199462890626,0
2024-03-07,169.0,152.1,185.9,0
2024-03-08,170.72999572753906,153.65699615478516,187.802995300293,0
2024-03-11,172.75,155.475,190.025,0
2024-03-12,173.22999572753906,155.90699615478516,190.552995300293,0
2024-03-13,171.1300048828125,154.01700439453126,188.24300537109377,0
2024-03-14,173.0,155.70000000000002,190.3,0
2024-03-15,172.6199951171875,155.35799560546874,189.88199462890626,0
2024-03-18,173.72000122070312,156.3480010986328,191.09200134277344,0
2024-03-19,176.0800018310547,158.4720016479492,193.68800201416016,0
2024-03-20,178.6699981689453,160.8029983520508,196.53699798583986,0
2024-03-21,171.3699951171875,154.23299560546874,188.50699462890626,0
2024-03-22,172.27999877929688,155.0519989013672,189.50799865722658,0
2024-03-25,170.85000610351562,153.76500549316407,187.9350067138672,0
2024-03-26,169.7100067138672,152.73900604248047,186.68100738525393,0
2024-03-27,173.30999755859375,155.97899780273437,190.64099731445313,0
2024-03-28,171.47999572753906,154.33199615478517,188.62799530029298,0
2024-04-01,170.02999877929688,153.0269989013672,187.03299865722659,0
2024-04-02,168.83999633789062,151.95599670410158,185.7239959716797,0
2024-04-03,169.64999389648438,152.68499450683595,186.61499328613283,0
2024-04-04,168.82000732421875,151.9380065917969,185.70200805664064,0
2024-04-05,169.5800018310547,152.62200164794922,186.53800201416018,0
2024-04-08,168.4499969482422,151.60499725341796,185.2949966430664,0
2024-04-09,169.6699981689453,152.7029983520508,186.63699798583986,0
2024-04-10,167.77999877929688,151.0019989013672,184.5579986572266,0
2024-04-11,175.0399932861328,157.53599395751954,192.54399261474612,0
2024-04-12,176.5500030517578,158.89500274658204,194.20500335693362,0
2024-04-15,172.69000244140625,155.42100219726564,189.9590026855469,0
2024-04-16,169.3800048828125,152.44200439453127,186.31800537109376,1
2024-04-17,168.0,151.20000000000002,184.8,1
2024-04-18,167.0399932861328,150.33599395751955,183.7439926147461,1
2024-04-19,165.0,148.5,181.50000000000003,1
2024-04-22,165.83999633789062,149.25599670410156,182.42399597167972,1
2024-04-23,166.89999389648438,150.20999450683595,183.58999328613282,1
2024-04-24,169.02000427246094,152.11800384521484,185.92200469970706,1
2024-04-25,169.88999938964844,152.9009994506836,186.8789993286133,1
2024-04-26,169.3000030517578,152.37000274658203,186.23000335693362,1
2024-04-29,173.5,156.15,190.85000000000002,1
2024-04-30,170.3300018310547,153.29700164794923,187.36300201416017,1
2024-05-01,169.3000030517578,152.37000274658203,186.23000335693362,1
2024-05-02,173.02999877929688,155.72699890136718,190.33299865722657,1
2024-05-03,183.3800048828125,165.04200439453126,201.71800537109377,0
2024-05-06,181.7100067138672,163.53900604248048,199.88100738525392,0
2024-05-07,182.39999389648438,164.15999450683594,200.63999328613284,0
2024-05-08,182.74000549316406,164.46600494384765,201.01400604248047,0
2024-05-09,184.57000732421875,166.11300659179688,203.02700805664065,0
2024-05-10,183.0500030517578,164.74500274658203,201.35500335693362,0
2024-05-13,186.27999877929688,167.6519989013672,204.90799865722659,1
2024-05-14,187.42999267578125,168.68699340820314,206.1729919433594,1
2024-05-15,189.72000122070312,170.7480010986328,208.69200134277347,1
2024-05-16,189.83999633789062,170.85599670410156,208.8239959716797,1
2024-05-17,189.8699951171875,170.88299560546875,208.85699462890628,1
2024-05-20,191.0399932861328,171.93599395751954,210.1439926147461,1
2024-05-21,192.35000610351562,173.11500549316406,211.58500671386722,1
2024-05-22,190.89999389648438,171.80999450683595,209.98999328613283,1
2024-05-23,186.8800048828125,168.19200439453127,205.56800537109376,1
2024-05-24,189.97999572753906,170.98199615478515,208.97799530029297,1
2024-05-28,189.99000549316406,170.99100494384766,208.9890060424805,1
2024-05-29,190.2899932861328,171.26099395751953,209.31899261474612,1
2024-05-30,191.2899932861328,172.16099395751954,210.41899261474612,1
2024-05-31,192.25,173.025,211.47500000000002,1
2024-06-03,194.02999877929688,174.6269989013672,213.4329986572266,1
2024-06-04,194.35000610351562,174.91500549316407,213.7850067138672,1
2024-06-05,195.8699951171875,176.28299560546876,215.45699462890627,1
2024-06-06,194.47999572753906,175.03199615478516,213.927995300293,1
2024-06-07,196.88999938964844,177.2009994506836,216.5789993286133,1
2024-06-10,193.1199951171875,173.80799560546876,212.43199462890627,1
2024-06-11,207.14999389648438,186.43499450683595,227.86499328613283,1
2024-06-12,213.07000732421875,191.76300659179688,234.37700805664065,0
2024-06-13,214.24000549316406,192.81600494384767,235.66400604248048,0
2024-06-14,212.49000549316406,191.24100494384766,233.7390060424805,1
2024-06-17,216.6699981689453,195.00299835205078,238.33699798583987,0
2024-06-18,214.2899932861328,192.86099395751953,235.7189926147461,0
2024-06-20,209.67999267578125,188.71199340820314,230.6479919433594,1
2024-06-21,207.49000549316406,186.74100494384766,228.2390060424805,1
2024-06-24,208.13999938964844,187.3259994506836,228.9539993286133,1
2024-06-25,209.07000732421875,188.1630065917969,229.97700805664064,1
2024-06-26,213.25,191.925,234.57500000000002,1
2024-06-27,214.10000610351562,192.69000549316408,235.5100067138672,0
2024-06-28,210.6199951171875,189.55799560546876,231.68199462890627,1
2024-07-01,216.75,195.07500000000002,238.425,0
2024-07-02,220.27000427246094,198.24300384521484,242.29700469970706,0
2024-07-03,221.5500030517578,199.39500274658204,243.70500335693362,0
2024-07-05,226.33999633789062,203.70599670410158,248.9739959716797,0
2024-07-08,227.82000732421875,205.0380065917969,250.60200805664064,0
2024-07-09,228.67999267578125,205.81199340820314,251.5479919433594,0
2024-07-10,232.97999572753906,209.68199615478517,256.277995300293,-1
2024-07-11,227.57000732421875,204.8130065917969,250.32700805664064,0
2024-07-12,230.5399932861328,207.48599395751953,253.59399261474613,-1
2024-07-15,234.39999389648438,210.95999450683595,257.8399932861328,-1
2024-07-16,234.82000732421875,211.33800659179687,258.30200805664066,-1
2024-07-17,228.8800048828125,205.99200439453125,251.76800537109378,0
2024-07-18,224.17999267578125,201.76199340820312,246.5979919433594,0
2024-07-19,224.30999755859375,201.87899780273438,246.74099731445315,0
2024-07-22,223.9600067138672,201.5640060424805,246.35600738525392,0
2024-07-23,225.00999450683594,202.50899505615234,247.51099395751956,0
2024-07-24,218.5399932861328,196.68599395751954,240.3939926147461,0
2024-07-25,217.49000549316406,195.74100494384766,239.2390060424805,0
2024-07-26,217.9600067138672,196.16400604248048,239.75600738525392,0
2024-07-29,218.24000549316406,196.41600494384767,240.0640060424805,0
2024-07-30,218.8000030517578,196.92000274658204,240.6800033569336,0
2024-07-31,222.0800018310547,199.87200164794922,244.28800201416018,0
2024-08-01,218.36000061035156,196.5240005493164,240.19600067138674,0
2024-08-02,219.86000061035156,197.8740005493164,241.84600067138675,0
2024-08-05,209.27000427246094,188.34300384521484,230.19700469970704,0
2024-08-06,207.22999572753906,186.50699615478516,227.952995300293,1
2024-08-07,209.82000732421875,188.83800659179687,230.80200805664063,0
2024-08-08,213.30999755859375,191.97899780273437,234.64099731445313,0
2024-08-09,216.24000549316406,194.61600494384766,237.8640060424805,0
2024-08-12,217.52999877929688,195.7769989013672,239.28299865722659,0
2024-08-13,221.27000427246094,199.14300384521485,243.39700469970705,0
2024-08-14,221.72000122070312,199.54800109863282,243.89200134277345,0
2024-08-15,224.72000122070312,202.2480010986328,247.19200134277347,0
2024-08-16,226.0500030517578,203.44500274658205,248.6550033569336,0
2024-08-19,225.88999938964844,203.3009994506836,248.4789993286133,0
2024-08-20,226.50999450683594,203.85899505615234,249.16099395751957,0
2024-08-21,226.39999389648438,203.75999450683594,249.03999328613284,0
2024-08-22,224.52999877929688,202.0769989013672,246.98299865722657,0
2024-08-23,226.83999633789062,204.15599670410157,249.5239959716797,0
2024-08-26,227.17999267578125,204.46199340820314,249.8979919433594,0
2024-08-27,228.02999877929688,205.22699890136718,250.8329986572266,0
2024-08-28,226.49000549316406,203.84100494384765,249.1390060424805,0
2024-08-29,229.7899932861328,206.81099395751954,252.7689926147461,0
2024-08-30,229.0,206.1,251.90000000000003,0
2024-09-03,222.77000427246094,200.49300384521484,245.04700469970706,0
2024-09-04,220.85000610351562,198.76500549316407,242.9350067138672,0
2024-09-05,222.3800048828125,200.14200439453126,244.61800537109377,0
2024-09-06,220.82000732421875,198.73800659179688,242.90200805664065,0
2024-09-09,220.91000366210938,198.81900329589845,243.00100402832032,0
2024-09-10,220.11000061035156,198.0990005493164,242.12100067138672,0
2024-09-11,222.66000366210938,200.39400329589844,244.92600402832034,0
2024-09-12,222.77000427246094,200.49300384521484,245.04700469970706,0
2024-09-13,222.5,200.25,244.75000000000003,0
2024-09-16,216.32000732421875,194.6880065917969,237.95200805664064,0
2024-09-17,216.7899932861328,195.11099395751953,238.4689926147461,0
2024-09-18,220.69000244140625,198.62100219726562,242.7590026855469,0
2024-09-19,228.8699951171875,205.98299560546874,251.75699462890628,0
2024-09-20,228.1999969482422,205.37999725341797,251.01999664306643,0
2024-09-23,226.47000122070312,203.82300109863283,249.11700134277345,0
2024-09-24,227.3699951171875,204.63299560546875,250.10699462890628,0
2024-09-25,226.3699951171875,203.73299560546874,249.00699462890628,0
2024-09-26,227.52000427246094,204.76800384521485,250.27200469970705,0
2024-09-27,227.7899932861328,205.01099395751953,250.56899261474612,0
2024-09-30,233.0,209.70000000000002,256.3,0
2024-10-01,226.2100067138672,203.58900604248046,248.83100738525394,0
2024-10-02,226.77999877929688,204.10199890136718,249.4579986572266,0
2024-10-03,225.6699981689453,203.10299835205078,248.23699798583988,0
2024-10-04,226.8000030517578,204.12000274658203,249.48000335693362,0
2024-10-07,221.69000244140625,199.52100219726563,243.8590026855469,0
2024-10-08,225.77000427246094,203.19300384521486,248.34700469970704,0
2024-10-09,229.5399932861328,206.58599395751955,252.4939926147461,0
2024-10-10,229.0399932861328,206.13599395751953,251.94399261474612,0
2024-10-11,227.5500030517578,204.79500274658204,250.3050033569336,0
2024-10-14,231.3000030517578,208.17000274658204,254.4300033569336,0
2024-10-15,233.85000610351562,210.46500549316406,257.2350067138672,0
2024-10-16,231.77999877929688,208.60199890136718,254.9579986572266,0
2024-10-17,232.14999389648438,208.93499450683595,255.36499328613283,0
2024-10-18,235.0,211.5,258.5,0
2024-10-21,236.47999572753906,212.83199615478517,260.127995300293,0
2024-10-22,235.86000061035156,212.2740005493164,259.44600067138674,0
2024-10-23,230.75999450683594,207.68399505615236,253.83599395751955,0
2024-10-24,230.57000732421875,207.51300659179688,253.62700805664065,0
2024-10-25,231.41000366210938,208.26900329589844,254.55100402832034,0
2024-10-28,233.39999389648438,210.05999450683595,256.73999328613286,0
2024-10-29,233.6699981689453,210.3029983520508,257.0369979858399,0
2024-10-30,230.10000610351562,207.09000549316406,253.11000671386722,0
2024-10-31,225.91000366210938,203.31900329589845,248.50100402832032,0
2024-11-01,222.91000366210938,200.61900329589844,245.20100402832034,0
2024-11-04,222.00999450683594,199.80899505615236,244.21099395751955,0
2024-11-05,223.4499969482422,201.10499725341796,245.7949966430664,0
2024-11-06,222.72000122070312,200.44800109863283,244.99200134277345,0
2024-11-07,227.47999572753906,204.73199615478515,250.227995300293,0
2024-11-08,226.9600067138672,204.26400604248047,249.65600738525393,0
2024-11-11,224.22999572753906,201.80699615478517,246.652995300293,0
2024-11-12,224.22999572753906,201.80699615478517,246.652995300293,0
2024-11-13,225.1199951171875,202.60799560546874,247.63199462890628,0
2024-11-14,228.22000122070312,205.39800109863282,251.04200134277346,0
2024-11-15,225.0,202.5,247.50000000000003,0
2024-11-18,228.02000427246094,205.21800384521484,250.82200469970707,0
2024-11-19,228.27999877929688,205.4519989013672,251.10799865722657,0
2024-11-20,228.69610595703125,205.82649536132814,251.5657165527344,0
